ProjectActivityRuleID,ProjectID,ActivityTypeID,IsPermitted,RequiresBeforePhoto,RequiresAfterPhoto,RequiresQuantity,QuantityUnitID,MinPhotos,RequiresCaption,BOQItemHint,IsActive
PAR-0001,PRJ-0001,ACT-0002,TRUE,,,,,3,,BOQ-0001,TRUE
PAR-0002,PRJ-0001,ACT-0004,TRUE,,,TRUE,UNIT-NO,2,TRUE,,TRUE
PAR-0003,PRJ-0001,ACT-0011,TRUE,TRUE,TRUE,TRUE,UNIT-L,3,TRUE,,TRUE
PAR-0004,PRJ-0001,ACT-0021,FALSE,,,,,,,,TRUE
PAR-0005,PRJ-0002,ACT-0021,TRUE,,,,,2,,BOQ-0003,TRUE
PAR-0006,PRJ-0002,ACT-0020,TRUE,,,,,1,TRUE,,TRUE
PAR-0007,PRJ-0002,ACT-0002,FALSE,,,,,,,,TRUE
PAR-0008,PRJ-0003,ACT-0005,TRUE,TRUE,TRUE,TRUE,UNIT-NO,4,TRUE,,TRUE
PAR-0009,PRJ-0003,ACT-0006,TRUE,,,,,2,,,TRUE
